{
  "hash": "cbe7d375",
  "configHash": "71f64449",
  "lockfileHash": "43b86416",
  "browserHash": "523ed562",
  "optimized": {
    "@angular/cdk/bidi": {
      "src": "../../../../../../node_modules/@angular/cdk/fesm2022/bidi.mjs",
      "file": "@angular_cdk_bidi.js",
      "fileHash": "dea65dc0",
      "needsInterop": false
    },
    "@angular/common": {
      "src": "../../../../../../node_modules/@angular/common/fesm2022/common.mjs",
      "file": "@angular_common.js",
      "fileHash": "5422b86b",
      "needsInterop": false
    },
    "@angular/common/http": {
      "src": "../../../../../../node_modules/@angular/common/fesm2022/http.mjs",
      "file": "@angular_common_http.js",
      "fileHash": "5d7de8ce",
      "needsInterop": false
    },
    "@angular/core": {
      "src": "../../../../../../node_modules/@angular/core/fesm2022/core.mjs",
      "file": "@angular_core.js",
      "fileHash": "7af59e40",
      "needsInterop": false
    },
    "@angular/forms": {
      "src": "../../../../../../node_modules/@angular/forms/fesm2022/forms.mjs",
      "file": "@angular_forms.js",
      "fileHash": "fa47697d",
      "needsInterop": false
    },
    "@angular/material/card": {
      "src": "../../../../../../node_modules/@angular/material/fesm2022/card.mjs",
      "file": "@angular_material_card.js",
      "fileHash": "347890ae",
      "needsInterop": false
    },
    "@angular/material/chips": {
      "src": "../../../../../../node_modules/@angular/material/fesm2022/chips.mjs",
      "file": "@angular_material_chips.js",
      "fileHash": "7245ece0",
      "needsInterop": false
    },
    "@angular/material/form-field": {
      "src": "../../../../../../node_modules/@angular/material/fesm2022/form-field.mjs",
      "file": "@angular_material_form-field.js",
      "fileHash": "7e3e7046",
      "needsInterop": false
    },
    "@angular/material/icon": {
      "src": "../../../../../../node_modules/@angular/material/fesm2022/icon.mjs",
      "file": "@angular_material_icon.js",
      "fileHash": "4d15681d",
      "needsInterop": false
    },
    "@angular/material/progress-spinner": {
      "src": "../../../../../../node_modules/@angular/material/fesm2022/progress-spinner.mjs",
      "file": "@angular_material_progress-spinner.js",
      "fileHash": "de521be8",
      "needsInterop": false
    },
    "@angular/material/snack-bar": {
      "src": "../../../../../../node_modules/@angular/material/fesm2022/snack-bar.mjs",
      "file": "@angular_material_snack-bar.js",
      "fileHash": "8a4d9052",
      "needsInterop": false
    },
    "@angular/material/table": {
      "src": "../../../../../../node_modules/@angular/material/fesm2022/table.mjs",
      "file": "@angular_material_table.js",
      "fileHash": "8808a01a",
      "needsInterop": false
    },
    "@angular/material/toolbar": {
      "src": "../../../../../../node_modules/@angular/material/fesm2022/toolbar.mjs",
      "file": "@angular_material_toolbar.js",
      "fileHash": "7433c010",
      "needsInterop": false
    },
    "@angular/platform-browser": {
      "src": "../../../../../../node_modules/@angular/platform-browser/fesm2022/platform-browser.mjs",
      "file": "@angular_platform-browser.js",
      "fileHash": "4d1bdc17",
      "needsInterop": false
    },
    "@angular/router": {
      "src": "../../../../../../node_modules/@angular/router/fesm2022/router.mjs",
      "file": "@angular_router.js",
      "fileHash": "946dde1f",
      "needsInterop": false
    },
    "rxjs/operators": {
      "src": "../../../../../../node_modules/rxjs/dist/esm5/operators/index.js",
      "file": "rxjs_operators.js",
      "fileHash": "b607e946",
      "needsInterop": false
    },
    "@angular/material/input": {
      "src": "../../../../../../node_modules/@angular/material/fesm2022/input.mjs",
      "file": "@angular_material_input.js",
      "fileHash": "f31d65f8",
      "needsInterop": false
    },
    "@angular/material/button": {
      "src": "../../../../../../node_modules/@angular/material/fesm2022/button.mjs",
      "file": "@angular_material_button.js",
      "fileHash": "089d257f",
      "needsInterop": false
    },
    "@angular/cdk/text-field": {
      "src": "../../../../../../node_modules/@angular/cdk/fesm2022/text-field.mjs",
      "file": "@angular_cdk_text-field.js",
      "fileHash": "23cf1f06",
      "needsInterop": false
    }
  },
  "chunks": {
    "chunk-NSD5A2LP": {
      "file": "chunk-NSD5A2LP.js"
    },
    "chunk-B3HMDET3": {
      "file": "chunk-B3HMDET3.js"
    },
    "chunk-CAUUJ7VN": {
      "file": "chunk-CAUUJ7VN.js"
    },
    "chunk-2B3ENYEM": {
      "file": "chunk-2B3ENYEM.js"
    },
    "chunk-D25O6EPU": {
      "file": "chunk-D25O6EPU.js"
    },
    "chunk-NUF3H2PA": {
      "file": "chunk-NUF3H2PA.js"
    },
    "chunk-MCW3GNJ2": {
      "file": "chunk-MCW3GNJ2.js"
    },
    "chunk-HMA55RKZ": {
      "file": "chunk-HMA55RKZ.js"
    },
    "chunk-NGX5KMVR": {
      "file": "chunk-NGX5KMVR.js"
    },
    "chunk-Z3XFY25S": {
      "file": "chunk-Z3XFY25S.js"
    },
    "chunk-NIFXDJIO": {
      "file": "chunk-NIFXDJIO.js"
    },
    "chunk-NWZSMDRH": {
      "file": "chunk-NWZSMDRH.js"
    },
    "chunk-42QFQP6S": {
      "file": "chunk-42QFQP6S.js"
    },
    "chunk-N4DOILP3": {
      "file": "chunk-N4DOILP3.js"
    },
    "chunk-X4TSTDK5": {
      "file": "chunk-X4TSTDK5.js"
    },
    "chunk-GUGIMSVJ": {
      "file": "chunk-GUGIMSVJ.js"
    },
    "chunk-H5SC7T3E": {
      "file": "chunk-H5SC7T3E.js"
    },
    "chunk-6AVURISY": {
      "file": "chunk-6AVURISY.js"
    },
    "chunk-356U2M5Y": {
      "file": "chunk-356U2M5Y.js"
    },
    "chunk-MTFW23KV": {
      "file": "chunk-MTFW23KV.js"
    },
    "chunk-MFGXPCU3": {
      "file": "chunk-MFGXPCU3.js"
    },
    "chunk-H43UGIYU": {
      "file": "chunk-H43UGIYU.js"
    },
    "chunk-FTXEKBYQ": {
      "file": "chunk-FTXEKBYQ.js"
    },
    "chunk-44ZJMWPF": {
      "file": "chunk-44ZJMWPF.js"
    },
    "chunk-OGUMFMAP": {
      "file": "chunk-OGUMFMAP.js"
    },
    "chunk-RIOTEP5Z": {
      "file": "chunk-RIOTEP5Z.js"
    }
  }
}